-- phpMyAdmin SQL Dump
-- version 5.2.0
-- https://www.phpmyadmin.net/
--
-- Host: db
-- Generation Time: Oct 26, 2022 at 03:11 AM
-- Server version: 8.0.31
-- PHP Version: 8.0.19

SET SQL_MODE = "NO_AUTO_VALUE_ON_ZERO";
START TRANSACTION;
SET time_zone = "+00:00";


/*!40101 SET @OLD_CHARACTER_SET_CLIENT=@@CHARACTER_SET_CLIENT */;
/*!40101 SET @OLD_CHARACTER_SET_RESULTS=@@CHARACTER_SET_RESULTS */;
/*!40101 SET @OLD_COLLATION_CONNECTION=@@COLLATION_CONNECTION */;
/*!40101 SET NAMES utf8mb4 */;

--
-- Database: `mysql_database`
--

-- --------------------------------------------------------

--
-- Table structure for table `song`
--

drop table if exists `song`;

CREATE TABLE `song` (
  `song_id` int NOT NULL,
  `judul` char(64) NOT NULL,
  `penyanyi` char(128) NOT NULL,
  `tanggal_terbit` date NOT NULL DEFAULT (curdate()),
  `genre` char(64) DEFAULT NULL,
  `duration` int NOT NULL,
  `audio_path` char(255) NOT NULL,
  `image_path` char(255) DEFAULT NULL,
  `album_id` int DEFAULT NULL
) ENGINE=InnoDB DEFAULT CHARSET=utf8mb4 COLLATE=utf8mb4_general_ci;

drop table if exists `subscription`;

CREATE TABLE `subscription` (
  `creator_id` int NOT NULL,
  `subscriber_id` int NOT NULL,
  `status` enum('PENDING', 'REJECTED', 'ACCEPTED') NOT NULL DEFAULT 'PENDING'
) ENGINE = InnoDB DEFAULT CHARSET = utf8mb4 COLLATE=utf8mb4_general_ci;

ALTER TABLE `subscription`
  ADD PRIMARY KEY (`creator_id`, `subscriber_id`);

--
-- Dumping data for table `song`
--

INSERT INTO `song` (`song_id`, `judul`, `penyanyi`, `tanggal_terbit`, `genre`, `duration`, `audio_path`, `image_path`, `album_id`) VALUES
(0, 'Buckinghamshire banter Outdoors', 'Marion Emmerich', '2022-09-28', 'PNG', 17, '', '', 0),
(1, 'Recycled transmitter Northeast', 'Marion Emmerich', '2022-07-27', 'Monroe', 24, '', '', 0),
(2, 'proactive withdrawal', 'Marion Emmerich', '2022-04-18', 'reboot', 196, '', '', 0),
(3, 'female continuity linguistics', 'Marion Emmerich', '2021-12-05', 'Buckinghamshire', 2, '', '', 0),
(4, 'Manors', 'Marion Emmerich', '2022-05-20', 'Hungary', 56, '', '', 0),
(5, 'North custard', 'Marion Emmerich', '2022-02-13', 'Tungsten', 229, '', '', 0),
(6, 'failing East Diesel', 'Marion Emmerich', '2022-05-28', 'PNG', 290, '', '', 0),
(10, 'Levittown unless deposit', 'Jeffrey Hilll Jr.', '2022-07-05', 'Chicken', 20, '', '', 1),
(11, 'Bicycle', 'Jeffrey Hilll Jr.', '2022-01-04', 'gray', 77, '', '', 1),
(12, 'Jamaican green hence', 'Jeffrey Hilll Jr.', '2022-02-21', 'Southwest', 53, '', '', 1),
(13, 'Web Unbranded Arizona', 'Jeffrey Hilll Jr.', '2022-01-20', 'Northwest', 176, '', '', 1),
(14, 'Electronics', 'Jeffrey Hilll Jr.', '2022-01-22', 'reboot', 241, '', '', 1),
(15, 'COM deposit Garret', 'Jeffrey Hilll Jr.', '2021-12-27', 'Monroe', 218, '', '', 1),
(16, 'Reduced Northwest', 'Jeffrey Hilll Jr.', '2022-03-30', 'Chicken', 259, '', '', 1),
(17, 'Solutions model', 'Jeffrey Hilll Jr.', '2022-07-30', 'Southwest', 287, '', '', 1),
(30, 'Hermaphrodite across', 'Dr. Charlotte Rogahn', '2022-02-16', 'gray', 209, '', '', 3),
(31, 'Southeast SUV Configuration', 'Dr. Charlotte Rogahn', '2022-08-15', 'Schaden', 102, '', '', 3),
(32, 'olive', 'Dr. Charlotte Rogahn', '2022-03-13', 'Summerville', 258, '', '', 3),
(33, 'Santa phew Moines', 'Dr. Charlotte Rogahn', '2021-12-04', 'calculating', 288, '', '', 3),
(34, 'withdrawal', 'Dr. Charlotte Rogahn', '2022-04-05', 'gray', 13, '', '', 3),
(35, 'Seychelles newton Granite', 'Dr. Charlotte Rogahn', '2022-09-28', 'PNG', 67, '', '', 3),
(36, 'Neutrois Wooden', 'Dr. Charlotte Rogahn', '2022-08-22', 'Summerville', 66, '', '', 3),
(37, 'World Polynesia', 'Dr. Charlotte Rogahn', '2022-05-28', 'reboot', 111, '', '', 3),
(38, 'Legacy Vermont Buckinghamshire', 'Dr. Charlotte Rogahn', '2022-09-03', 'granular', 168, '', '', 3),
(40, 'white gold Rubber', 'Jay Quigley', '2021-12-08', 'reboot', 208, '', '', 4),
(41, 'Wisconsin Tricycle', 'Jay Quigley', '2022-07-12', 'Monroe', 147, '', '', 4),
(42, 'ratione zowie', 'Jay Quigley', '2021-12-14', 'PNG', 20, '', '', 4),
(43, 'Infrastructure', 'Jay Quigley', '2022-09-10', 'Tungsten', 85, '', '', 4),
(44, 'lavender Buckinghamshire invoice', 'Jay Quigley', '2022-05-14', 'Summerville', 298, '', '', 4),
(45, 'Investment SDD', 'Jay Quigley', '2021-11-21', 'SAS', 174, '', '', 4),
(46, 'override wireless Bronze', 'Jay Quigley', '2022-09-01', 'Bicycle', 132, '', '', 4),
(50, 'judgementally Synergized', 'Mr. Lula Blick', '2022-08-19', 'Chicken', 19, '', '', 5),
(51, 'Minnesota Markets', 'Mr. Lula Blick', '2022-03-08', 'Chicken', 248, '', '', 5),
(52, 'orient Wagon yowl', 'Mr. Lula Blick', '2022-07-15', 'Hungary', 117, '', '', 5),
(53, 'ivory Woman est', 'Mr. Lula Blick', '2022-04-08', 'Southwest', 273, '', '', 5),
(54, 'DNS', 'Mr. Lula Blick', '2022-10-03', 'Tungsten', 82, '', '', 5),
(55, 'Assurance Berkshire', 'Mr. Lula Blick', '2021-11-02', 'Monroe', 129, '', '', 5),
(56, 'Rustic', 'Mr. Lula Blick', '2022-03-24', 'Tungsten', 117, '', '', 5),
(57, 'scrabble plum', 'Mr. Lula Blick', '2022-10-21', 'gray', 86, '', '', 5),
(58, 'Glenna', 'Mr. Lula Blick', '2022-04-25', 'PNG', 56, '', '', 5),
(60, 'Licensed inexperienced Direct', 'Carlos Kunde', '2022-02-13', 'reboot', 45, '', '', 6),
(61, 'becquerel Wooden linguist', 'Carlos Kunde', '2022-01-09', 'Bicycle', 52, '', '', 6),
(62, 'Industrial Hybrid', 'Carlos Kunde', '2022-02-15', 'SAS', 282, '', '', 6),
(63, 'Hill Paradigm Soft', 'Carlos Kunde', '2022-04-01', 'SAS', 271, '', '', 6),
(64, 'Bike', 'Carlos Kunde', '2022-09-20', 'Northwest', 153, '', '', 6),
(70, 'nostrum Research Cambridgeshire', 'Judy Mertz I', '2022-08-18', 'Summerville', 52, '', '', 7),
(71, 'bluetooth plum Configuration', 'Judy Mertz I', '2022-06-02', 'Buckinghamshire', 8, '', '', 7),
(72, 'Lake boliviano Road', 'Judy Mertz I', '2022-09-12', 'SAS', 189, '', '', 7),
(73, 'matrix', 'Judy Mertz I', '2022-02-13', 'Southwest', 97, '', '', 7),
(74, 'Fish Savings to', 'Judy Mertz I', '2022-01-01', 'Bicycle', 238, '', '', 7),
(75, 'Incredible', 'Judy Mertz I', '2022-07-05', 'Buckinghamshire', 261, '', '', 7),
(80, 'Incredible red Programmable', 'Margarita Pfeffer', '2021-10-25', 'Chicken', 95, '', '', 8),
(81, 'pixel Organic yellow', 'Margarita Pfeffer', '2022-03-06', 'gray', 212, '', '', 8),
(82, 'steradian quicker', 'Margarita Pfeffer', '2021-10-27', 'gray', 200, '', '', 8),
(90, 'through Trans Redmond', 'Dr. Tommie Schultz', '2022-09-28', 'Tungsten', 176, '', '', 9),
(91, 'salmon Diesel Shoreline', 'Dr. Tommie Schultz', '2022-08-30', 'Monroe', 253, '', '', 9),
(92, 'implement', 'Dr. Tommie Schultz', '2022-04-28', 'Summerville', 293, '', '', 9),
(100, 'driver hungry neural', 'Drew Doyle', '2022-01-20', 'Schaden', 14, '', '', 10),
(101, 'lime haptic Representative', 'Drew Doyle', '2022-04-04', 'calculating', 263, '', '', 10),
(102, 'Northwest', 'Drew Doyle', '2022-09-12', 'calculating', 47, '', '', 10),
(103, 'Northeast', 'Drew Doyle', '2021-11-11', 'SAS', 193, '', '', 10),
(104, 'Northwest mindshare', 'Drew Doyle', '2022-05-16', 'calculating', 32, '', '', 10),
(105, 'autem', 'Drew Doyle', '2022-05-13', 'Southwest', 292, '', '', 10),
(106, 'female inside Jamaican', 'Drew Doyle', '2022-09-30', 'Buckinghamshire', 262, '', '', 10),
(107, 'Bentley', 'Drew Doyle', '2022-05-15', 'Hungary', 160, '', '', 10),
(108, 'Sports', 'Drew Doyle', '2022-04-08', 'reboot', 143, '', '', 10),
(110, 'Gasoline SCSI', 'Kate Pfannerstill', '2021-10-27', 'Hungary', 46, '', '', 11),
(111, 'gah', 'Kate Pfannerstill', '2022-02-02', 'Northwest', 265, '', '', 11),
(112, 'planter', 'Kate Pfannerstill', '2022-03-18', 'PNG', 199, '', '', 11),
(113, 'Carlie RSS', 'Kate Pfannerstill', '2022-10-23', 'Hungary', 105, '', '', 11),
(114, 'Gloves World', 'Kate Pfannerstill', '2022-09-10', 'Northwest', 150, '', '', 11),
(115, 'female', 'Kate Pfannerstill', '2022-01-21', 'Buckinghamshire', 297, '', '', 11),
(116, 'Borders', 'Kate Pfannerstill', '2022-03-20', 'PNG', 95, '', '', 11),
(117, 'newton', 'Kate Pfannerstill', '2022-05-10', 'reboot', 161, '', '', 11),
(118, 'Configuration Granite', 'Kate Pfannerstill', '2022-05-11', 'SAS', 173, '', '', 11),
(120, 'Nissan', 'Steve Hettinger', '2021-11-05', 'gray', 279, '', '', 12),
(130, 'cyan Bike Xenogender', 'Wendy McDermott', '2022-04-21', 'granular', 104, '', '', 13),
(131, 'Kip', 'Wendy McDermott', '2022-02-18', 'Northwest', 69, '', '', 13),
(132, 'Gasoline Coupe Germantown', 'Wendy McDermott', '2022-05-15', 'Northwest', 146, '', '', 13),
(133, 'dollarise', 'Wendy McDermott', '2022-07-25', 'Bicycle', 224, '', '', 13),
(134, 'Buckinghamshire', 'Wendy McDermott', '2022-05-05', 'Hungary', 289, '', '', 13),
(135, 'Buckinghamshire', 'Wendy McDermott', '2022-02-02', 'Schaden', 7, '', '', 13),
(136, 'Clothing Fresh', 'Wendy McDermott', '2022-10-01', 'Hungary', 192, '', '', 13),
(140, 'male Bicycle Granite', 'Jacquelyn Cremin', '2021-12-25', 'calculating', 255, '', '', 14),
(141, 'suscipit', 'Jacquelyn Cremin', '2022-08-01', 'calculating', 140, '', '', 14),
(142, 'leap Sedan nautical', 'Jacquelyn Cremin', '2022-06-17', 'Bicycle', 48, '', '', 14),
(143, 'Diesel Europium Outdoors', 'Jacquelyn Cremin', '2022-01-31', 'reboot', 246, '', '', 14),
(144, 'Manager', 'Jacquelyn Cremin', '2021-12-09', 'Tungsten', 144, '', '', 14),
(150, 'sticky punctually since', 'Marion Frami', '2022-09-21', 'Northwest', 44, '', '', 15),
(151, 'Annabelle Loan', 'Marion Frami', '2022-08-03', 'Buckinghamshire', 193, '', '', 15),
(160, 'XML tesla', 'Ms. Duane Herzog', '2022-08-17', 'Bicycle', 101, '', '', 16),
(161, 'Territory', 'Ms. Duane Herzog', '2022-01-01', 'calculating', 15, '', '', 16),
(170, 'dimwitted', 'Debbie Quitzon', '2021-12-24', 'gray', 174, '', '', 17),
(180, 'who microchip', 'Florence Kreiger', '2022-08-15', 'Northwest', 16, '', '', 18),
(181, 'verbally World Infrastructure', 'Florence Kreiger', '2022-10-12', 'PNG', 192, '', '', 18),
(182, 'Wyoming optical', 'Florence Kreiger', '2022-01-30', 'Chicken', 182, '', '', 18),
(183, 'Virginia', 'Florence Kreiger', '2021-12-21', 'Tungsten', 5, '', '', 18),
(184, 'intuitive redundant', 'Florence Kreiger', '2022-02-20', 'Chicken', 186, '', '', 18),
(185, 'infrastructures', 'Florence Kreiger', '2022-05-26', 'SAS', 49, '', '', 18),
(186, 'Realigned esse', 'Florence Kreiger', '2022-07-29', 'PNG', 91, '', '', 18),
(187, 'Dysprosium maximized', 'Florence Kreiger', '2021-12-21', 'Summerville', 274, '', '', 18),
(188, 'orchid', 'Florence Kreiger', '2021-12-20', 'Bicycle', 220, '', '', 18),
(190, 'phew Cambridgeshire man', 'Sabrina Shields', '2022-07-12', 'Northwest', 99, '', '', 19),
(191, 'Russian after', 'Sabrina Shields', '2022-04-13', 'Tungsten', 137, '', '', 19),
(192, 'deeply', 'Sabrina Shields', '2022-02-19', 'Chicken', 203, '', '', 19),
(193, 'Herman fumble', 'Sabrina Shields', '2022-02-01', 'Tungsten', 175, '', '', 19),
(194, 'newton Cab', 'Sabrina Shields', '2022-04-02', 'Tungsten', 196, '', '', 19),
(195, 'SUV', 'Sabrina Shields', '2022-04-16', 'Chicken', 160, '', '', 19),
(196, 'positively pink Africa', 'Sabrina Shields', '2022-02-20', 'Chicken', 176, '', '', 19),
(197, 'systematic Persistent', 'Sabrina Shields', '2022-06-09', 'Southwest', 206, '', '', 19),
(200, 'Triathlon/Time spangle RSS', 'Miss Abel Gislason', '2021-11-08', 'granular', 22, '', '', 20),
(201, 'copying', 'Miss Abel Gislason', '2022-04-04', 'SAS', 276, '', '', 20),
(202, 'female yowza', 'Miss Abel Gislason', '2022-05-19', 'reboot', 150, '', '', 20),
(203, 'composite Car', 'Miss Abel Gislason', '2021-12-16', 'Buckinghamshire', 170, '', '', 20),
(204, 'Central', 'Miss Abel Gislason', '2022-10-17', 'Summerville', 267, '', '', 20),
(205, 'architectures Baht lime', 'Miss Abel Gislason', '2022-03-29', 'Tungsten', 272, '', '', 20),
(206, 'GB infrastructure', 'Miss Abel Gislason', '2022-02-02', 'Buckinghamshire', 99, '', '', 20),
(210, 'invigilate Associate calculate', 'Jerald Osinski', '2022-09-06', 'Tungsten', 299, '', '', 21),
(211, 'protocol adipisci', 'Jerald Osinski', '2022-06-25', 'SAS', 36, '', '', 21),
(212, 'over circuit', 'Jerald Osinski', '2022-01-10', 'PNG', 210, '', '', 21),
(213, 'Kids AGP', 'Jerald Osinski', '2021-12-04', 'SAS', 208, '', '', 21),
(214, 'becquerel encoding withdrawal', 'Jerald Osinski', '2022-08-02', 'Tungsten', 197, '', '', 21),
(220, 'Credit Fluorine', 'Claudia Sanford', '2022-05-27', 'Tungsten', 146, '', '', 22),
(221, 'ferment Architect', 'Claudia Sanford', '2021-10-31', 'Buckinghamshire', 239, '', '', 22),
(222, 'jovially Central Investor', 'Claudia Sanford', '2022-04-26', 'Schaden', 57, '', '', 22),
(223, 'Bugatti', 'Claudia Sanford', '2022-08-18', 'Bicycle', 292, '', '', 22),
(224, 'Granite', 'Claudia Sanford', '2022-07-16', 'Southwest', 119, '', '', 22),
(225, 'Germanium Pants male', 'Claudia Sanford', '2022-06-09', 'granular', 96, '', '', 22),
(226, 'Van', 'Claudia Sanford', '2022-03-24', 'calculating', 160, '', '', 22),
(227, 'inhibition', 'Claudia Sanford', '2021-11-21', 'Buckinghamshire', 187, '', '', 22),
(228, 'Administrator Virginia', 'Claudia Sanford', '2022-05-01', 'gray', 80, '', '', 22),
(229, 'BMW satirise', 'Claudia Sanford', '2022-06-29', 'Northwest', 298, '', '', 22),
(230, 'Card', 'Ruby Russel', '2022-02-12', 'reboot', 35, '', '', 23),
(231, 'exploit West Credit', 'Ruby Russel', '2021-10-27', 'Monroe', 122, '', '', 23),
(232, 'Electronic bravely', 'Ruby Russel', '2022-03-15', 'PNG', 89, '', '', 23),
(233, 'Plastic green', 'Ruby Russel', '2022-01-03', 'granular', 34, '', '', 23),
(234, 'Phoenix Associate', 'Ruby Russel', '2022-09-01', 'granular', 108, '', '', 23),
(240, 'Gardena on black', 'Mr. Stephen Zemlak', '2022-03-18', 'granular', 39, '', '', 24),
(241, 'Investor furthermore drat', 'Mr. Stephen Zemlak', '2022-02-17', 'Southwest', 131, '', '', 24),
(250, 'whoa Tanzania', 'Marion Cruickshank', '2021-11-14', 'Schaden', 245, '', '', 25),
(251, 'yowza accelerant', 'Marion Cruickshank', '2022-02-13', 'calculating', 186, '', '', 25),
(252, 'Avon Supervisor out', 'Marion Cruickshank', '2022-09-02', 'reboot', 196, '', '', 25),
(253, 'quantify', 'Marion Cruickshank', '2022-03-31', 'Hungary', 254, '', '', 25),
(254, 'Tobago Auto Namibia', 'Marion Cruickshank', '2022-05-04', 'Northwest', 202, '', '', 25),
(260, 'if', 'Enrique Kub', '2022-06-30', 'Tungsten', 220, '', '', 26),
(261, 'Gender hacking Functionality', 'Enrique Kub', '2022-03-15', 'Summerville', 29, '', '', 26),
(262, 'deliver', 'Enrique Kub', '2022-03-25', 'gray', 139, '', '', 26),
(263, 'ankle male', 'Enrique Kub', '2022-10-21', 'calculating', 235, '', '', 26),
(264, 'Green National Fresh', 'Enrique Kub', '2022-01-09', 'Schaden', 38, '', '', 26),
(265, 'SMTP yellowish huzzah', 'Enrique Kub', '2022-04-21', 'Northwest', 293, '', '', 26),
(270, 'program', 'Deborah Nitzsche', '2021-11-20', 'gray', 140, '', '', 27),
(271, 'beatae Arsenic', 'Deborah Nitzsche', '2022-02-23', 'granular', 194, '', '', 27),
(272, 'Marketing', 'Deborah Nitzsche', '2022-04-19', 'Hungary', 115, '', '', 27),
(273, 'Identity', 'Deborah Nitzsche', '2022-01-07', 'Northwest', 85, '', '', 27),
(274, 'digital Saudi', 'Deborah Nitzsche', '2022-09-04', 'Hungary', 241, '', '', 27),
(275, 'Steel', 'Deborah Nitzsche', '2022-03-20', 'Chicken', 268, '', '', 27),
(276, 'repeatedly', 'Deborah Nitzsche', '2022-09-11', 'PNG', 235, '', '', 27),
(280, 'cruelly panel Israel', 'Mario Graham', '2022-03-25', 'reboot', 154, '', '', 28),
(281, 'South Home Identity', 'Mario Graham', '2021-11-25', 'granular', 165, '', '', 28),
(282, 'gold', 'Mario Graham', '2022-04-11', 'PNG', 246, '', '', 28),
(283, 'Brand violet', 'Mario Graham', '2022-01-12', 'Summerville', 63, '', '', 28),
(284, 'Engineer El ampere', 'Mario Graham', '2022-09-24', 'calculating', 90, '', '', 28),
(290, 'tomorrow Euro Hybrid', 'Wilma Johnson', '2022-05-19', 'Bicycle', 228, '', '', 29),
(291, 'while Fitness Franc', 'Wilma Johnson', '2022-03-01', 'Chicken', 68, '', '', 29),
(292, 'International Southwest', 'Wilma Johnson', '2021-12-26', 'gray', 268, '', '', 29),
(293, 'withdrawal innovative', 'Wilma Johnson', '2022-07-24', 'Schaden', 89, '', '', 29),
(300, 'Cadillac', 'Nadine Kozey Sr.', '2022-01-10', 'Tungsten', 42, '', '', 30),
(301, 'Sleek', 'Nadine Kozey Sr.', '2022-09-12', 'reboot', 295, '', '', 30),
(302, 'quantifying', 'Nadine Kozey Sr.', '2021-12-12', 'gray', 205, '', '', 30),
(303, 'yellow', 'Nadine Kozey Sr.', '2022-04-21', 'Tungsten', 82, '', '', 30),
(310, 'pure sensor', 'Tim Huel', '2022-10-19', 'gray', 183, '', '', 31),
(311, 'quantify', 'Tim Huel', '2022-01-03', 'granular', 290, '', '', 31),
(320, 'Gallium South', 'Eloise Witting', '2022-05-06', 'Chicken', 25, '', '', 32),
(321, 'North', 'Eloise Witting', '2021-12-27', 'Monroe', 16, '', '', 32),
(322, 'Ondricka', 'Eloise Witting', '2022-04-21', 'Buckinghamshire', 247, '', '', 32),
(323, 'culpa Rap Savings', 'Eloise Witting', '2022-09-16', 'Hungary', 139, '', '', 32),
(324, 'Sedan achievement', 'Eloise Witting', '2022-01-16', 'Buckinghamshire', 290, '', '', 32),
(325, 'Movies Recycled', 'Eloise Witting', '2021-11-15', 'Hungary', 99, '', '', 32),
(330, '6th male', 'Matthew Stokes', '2021-11-15', 'gray', 118, '', '', 33),
(331, 'Pickup ratione parse', 'Matthew Stokes', '2022-06-10', 'Buckinghamshire', 14, '', '', 33),
(332, 'red', 'Matthew Stokes', '2021-11-18', 'Tungsten', 285, '', '', 33),
(333, 'Reggae', 'Matthew Stokes', '2022-06-02', 'PNG', 5, '', '', 33),
(334, 'Soft Hybrid', 'Matthew Stokes', '2022-08-13', 'calculating', 61, '', '', 33),
(335, 'orange', 'Matthew Stokes', '2022-07-17', 'granular', 65, '', '', 33),
(336, 'Division', 'Matthew Stokes', '2021-12-25', 'Chicken', 10, '', '', 33),
(340, 'Rap Passenger Paradigm', 'Cody Senger', '2022-10-22', 'Northwest', 42, '', '', 34),
(350, 'pro gah Bacon', 'Santiago Beatty', '2022-06-22', 'Buckinghamshire', 285, '', '', 35),
(351, 'sky withdrawal', 'Santiago Beatty', '2021-11-07', 'Bicycle', 93, '', '', 35),
(352, 'didactic Borders', 'Santiago Beatty', '2022-03-06', 'Buckinghamshire', 64, '', '', 35),
(353, 'Legacy', 'Santiago Beatty', '2022-04-25', 'Schaden', 13, '', '', 35),
(354, 'invoice', 'Santiago Beatty', '2022-06-15', 'Northwest', 91, '', '', 35),
(355, 'SDD Loan', 'Santiago Beatty', '2022-08-08', 'Schaden', 192, '', '', 35),
(356, 'violet', 'Santiago Beatty', '2022-06-08', 'Southwest', 230, '', '', 35),
(357, 'Greens Diesel', 'Santiago Beatty', '2022-02-15', 'Buckinghamshire', 289, '', '', 35),
(360, 'convergence Rubber', 'Melanie Hermiston DVM', '2022-01-31', 'gray', 113, '', '', 36),
(361, 'flee South Virtual', 'Melanie Hermiston DVM', '2022-05-08', 'gray', 206, '', '', 36),
(362, 'disclaim joule', 'Melanie Hermiston DVM', '2021-12-13', 'Southwest', 187, '', '', 36),
(363, 'Soft Small', 'Melanie Hermiston DVM', '2022-08-16', 'reboot', 117, '', '', 36),
(364, 'man plum officia', 'Melanie Hermiston DVM', '2022-05-20', 'granular', 188, '', '', 36),
(365, 'Salvador Hybrid Adaptive', 'Melanie Hermiston DVM', '2022-09-14', 'Southwest', 186, '', '', 36),
(366, 'Grocery plum', 'Melanie Hermiston DVM', '2022-07-17', 'Northwest', 170, '', '', 36),
(367, 'hub Spurs', 'Melanie Hermiston DVM', '2022-04-11', 'Schaden', 118, '', '', 36),
(368, 'Keyboard Gasoline', 'Melanie Hermiston DVM', '2021-12-23', 'SAS', 34, '', '', 36),
(370, 'hastily matrix female', 'Stewart Tremblay', '2022-02-18', 'Bicycle', 247, '', '', 37),
(371, 'female Electric scared', 'Stewart Tremblay', '2022-03-19', 'gray', 34, '', '', 37),
(372, 'Demigender Unbranded', 'Stewart Tremblay', '2022-05-11', 'gray', 22, '', '', 37),
(373, 'Shilling optimizing', 'Stewart Tremblay', '2022-05-22', 'granular', 159, '', '', 37),
(374, 'redundant Mercedes', 'Stewart Tremblay', '2022-06-26', 'Tungsten', 194, '', '', 37),
(375, 'Levi', 'Stewart Tremblay', '2021-12-10', 'Schaden', 200, '', '', 37),
(376, 'tesla invoice deliver', 'Stewart Tremblay', '2022-10-06', 'Northwest', 162, '', '', 37),
(377, 'Southwest Minivan', 'Stewart Tremblay', '2022-10-08', 'Buckinghamshire', 200, '', '', 37),
(380, 'Internal Louisiana application', 'Dr. Bradley Kilback', '2022-04-01', 'Bicycle', 123, '', '', 38),
(381, 'primary Indiana hence', 'Dr. Bradley Kilback', '2022-02-17', 'Buckinghamshire', 271, '', '', 38),
(382, 'visualize primary blue', 'Dr. Bradley Kilback', '2021-12-29', 'SAS', 25, '', '', 38),
(383, 'Central Brandon', 'Dr. Bradley Kilback', '2021-12-30', 'Hungary', 244, '', '', 38),
(384, 'Trantow hack', 'Dr. Bradley Kilback', '2022-10-11', 'PNG', 171, '', '', 38),
(385, 'Southwest Designer Brand', 'Dr. Bradley Kilback', '2022-02-06', 'Chicken', 146, '', '', 38),
(386, 'Maserati Managed Mercedes', 'Dr. Bradley Kilback', '2021-12-24', 'Monroe', 35, '', '', 38),
(387, 'Southwest invoice', 'Dr. Bradley Kilback', '2021-12-01', 'gray', 51, '', '', 38),
(390, 'male', 'Mona Watsica II', '2022-01-25', 'PNG', 71, '', '', 39),
(391, 'Awesome Cargo', 'Mona Watsica II', '2022-09-25', 'granular', 103, '', '', 39),
(392, 'Chief Chips Cheese', 'Mona Watsica II', '2022-09-13', 'Summerville', 156, '', '', 39),
(393, 'Euro violet Quality', 'Mona Watsica II', '2022-04-23', 'granular', 197, '', '', 39),
(394, 'Recumbent Hybrid', 'Mona Watsica II', '2022-08-22', 'PNG', 62, '', '', 39),
(395, 'gall regarding equality', 'Mona Watsica II', '2022-10-07', 'PNG', 150, '', '', 39),
(400, 'Investment Neon Global', 'Shannon Reynolds', '2022-01-11', 'PNG', 16, '', '', 40),
(410, 'Elegant Legacy compressing', 'Miss Crystal Shields', '2021-11-04', 'Bicycle', 133, '', '', 41),
(411, 'Electronics', 'Miss Crystal Shields', '2022-10-18', 'granular', 181, '', '', 41),
(412, 'Metrics Cheese amidst', 'Miss Crystal Shields', '2022-08-18', 'Monroe', 189, '', '', 41),
(413, 'payment Accountability', 'Miss Crystal Shields', '2022-01-30', 'Monroe', 203, '', '', 41),
(414, 'under male', 'Miss Crystal Shields', '2022-05-06', 'Bicycle', 204, '', '', 41),
(415, 'silver Blues Thulium', 'Miss Crystal Shields', '2022-04-04', 'granular', 70, '', '', 41),
(416, 'B2C', 'Miss Crystal Shields', '2022-10-18', 'Chicken', 52, '', '', 41),
(420, 'Analyst below Gasoline', 'Samuel Sanford', '2022-03-12', 'Hungary', 48, '', '', 42),
(430, 'bluetooth Shirt Coupe', 'Scott Lubowitz', '2021-10-30', 'Hungary', 285, '', '', 43),
(431, 'Home Norfolk Electric', 'Scott Lubowitz', '2022-07-27', 'Summerville', 35, '', '', 43),
(432, 'eum Luxurious yellow', 'Scott Lubowitz', '2021-12-09', 'Monroe', 71, '', '', 43),
(440, 'Arkansas International', 'Clifton Reynolds', '2022-03-26', 'SAS', 92, '', '', 44),
(450, 'gray', 'Ross Swift', '2022-07-14', 'Summerville', 231, '', '', 45),
(451, 'Customizable Folk array', 'Ross Swift', '2022-01-13', 'Northwest', 144, '', '', 45),
(452, 'Car East Haiti', 'Ross Swift', '2022-08-03', 'SAS', 28, '', '', 45),
(460, 'female', 'Joanna Morar', '2022-10-19', 'Tungsten', 78, '', '', 46),
(461, 'National Optimization', 'Joanna Morar', '2022-04-08', 'SAS', 38, '', '', 46),
(462, 'midst modulo', 'Joanna Morar', '2022-01-22', 'SAS', 277, '', '', 46),
(463, 'Rial Northwest', 'Joanna Morar', '2022-04-07', 'Monroe', 214, '', '', 46),
(464, 'Soft Rufiyaa Largo', 'Joanna Morar', '2022-04-10', 'Tungsten', 23, '', '', 46),
(465, 'synergistic research', 'Joanna Morar', '2022-09-10', 'gray', 123, '', '', 46),
(466, 'male', 'Joanna Morar', '2022-01-31', 'Summerville', 245, '', '', 46),
(467, 'convergence newton', 'Joanna Morar', '2021-12-06', 'Bicycle', 52, '', '', 46),
(470, 'Auto', 'Naomi Paucek', '2022-09-20', 'Summerville', 195, '', '', 47),
(471, 'mid Universal Other', 'Naomi Paucek', '2022-06-12', 'PNG', 99, '', '', 47),
(472, 'South Elegant', 'Naomi Paucek', '2022-03-25', 'calculating', 177, '', '', 47),
(473, 'voluptatibus and', 'Naomi Paucek', '2022-03-08', 'gray', 152, '', '', 47),
(474, 'West or', 'Naomi Paucek', '2022-02-26', 'reboot', 40, '', '', 47),
(475, 'pixel', 'Naomi Paucek', '2021-12-24', 'Tungsten', 265, '', '', 47),
(476, 'Future perferendis', 'Naomi Paucek', '2021-12-05', 'Bicycle', 292, '', '', 47),
(477, 'niches', 'Naomi Paucek', '2022-10-13', 'calculating', 87, '', '', 47),
(478, 'Games Schuster', 'Naomi Paucek', '2022-09-27', 'Monroe', 247, '', '', 47),
(479, 'generate ivory robust', 'Naomi Paucek', '2022-06-07', 'granular', 134, '', '', 47),
(480, 'Gloves Borders', 'Claudia Hahn', '2022-07-05', 'granular', 39, '', '', 48),
(481, 'between broccoli', 'Claudia Hahn', '2022-04-24', 'Bicycle', 49, '', '', 48),
(482, 'generate methodical', 'Claudia Hahn', '2022-05-07', 'Monroe', 225, '', '', 48),
(490, 'Northeast Venezuela phew', 'Marta Goldner MD', '2022-02-22', 'gray', 219, '', '', 49),
(491, 'Southwest systematic extend', 'Marta Goldner MD', '2022-01-25', 'Bicycle', 204, '', '', 49),
(492, 'unleash corporis Kazakhstan', 'Marta Goldner MD', '2021-11-30', 'Hungary', 137, '', '', 49),
(493, 'Borders', 'Marta Goldner MD', '2022-07-08', 'Southwest', 72, '', '', 49),
(494, 'pfft Recycled Chicken', 'Marta Goldner MD', '2022-03-19', 'PNG', 157, '', '', 49),
(495, 'application', 'Marta Goldner MD', '2021-11-12', 'granular', 182, '', '', 49),
(496, 'CSS protocol', 'Marta Goldner MD', '2022-02-08', 'Northwest', 78, '', '', 49),
(497, 'South COM Tesla', 'Marta Goldner MD', '2022-05-12', 'gray', 289, '', '', 49),
(498, 'Home deposit Trever', 'Marta Goldner MD', '2022-08-18', 'Buckinghamshire', 13, '', '', 49),
(500, 'hopelessly Card', 'Mr. Steven Stamm', '2022-04-08', 'Summerville', 248, '', '', 50),
(501, 'enthusiastically', 'Mr. Steven Stamm', '2022-05-17', 'calculating', 47, '', '', 50),
(502, 'Diesel', 'Mr. Steven Stamm', '2022-05-11', 'granular', 176, '', '', 50),
(503, 'hack', 'Mr. Steven Stamm', '2021-12-12', 'Chicken', 19, '', '', 50),
(504, 'minus Pizza Maryland', 'Mr. Steven Stamm', '2021-11-13', 'Summerville', 75, '', '', 50),
(510, 'circuit', 'Muriel Farrell', '2022-08-31', 'Buckinghamshire', 76, '', '', 51),
(511, 'revolutionize', 'Muriel Farrell', '2022-02-11', 'Chicken', 172, '', '', 51),
(512, 'Minivan phew', 'Muriel Farrell', '2022-02-10', 'Northwest', 34, '', '', 51),
(513, 'Minnesota newton', 'Muriel Farrell', '2022-07-06', 'Bicycle', 156, '', '', 51),
(514, 'Nevada', 'Muriel Farrell', '2022-04-12', 'reboot', 131, '', '', 51),
(515, 'navigating viciously', 'Muriel Farrell', '2022-07-11', 'Northwest', 180, '', '', 51),
(520, 'Chrysler index smash', 'Gerald Beer', '2022-02-25', 'SAS', 30, '', '', 52),
(521, 'Mountains Jewelery', 'Gerald Beer', '2021-11-09', 'Hungary', 298, '', '', 52),
(530, 'yet Unbranded', 'Miss Leroy Dietrich', '2022-10-10', 'reboot', 262, '', '', 53),
(531, 'Delaware', 'Miss Leroy Dietrich', '2022-02-18', 'SAS', 118, '', '', 53),
(532, 'bypass', 'Miss Leroy Dietrich', '2022-05-23', 'Monroe', 142, '', '', 53),
(533, 'Administrator North', 'Miss Leroy Dietrich', '2022-01-21', 'Tungsten', 56, '', '', 53),
(534, 'framework model', 'Miss Leroy Dietrich', '2022-01-07', 'Northwest', 216, '', '', 53),
(535, 'widow supposing', 'Miss Leroy Dietrich', '2022-07-08', 'Buckinghamshire', 161, '', '', 53),
(540, 'Peter markets Country', 'Jeannie Von', '2021-12-24', 'Buckinghamshire', 85, '', '', 54),
(541, 'about', 'Jeannie Von', '2021-12-03', 'reboot', 194, '', '', 54),
(542, 'connect', 'Jeannie Von', '2022-07-08', 'Tungsten', 258, '', '', 54),
(543, 'palliate South', 'Jeannie Von', '2022-09-29', 'Hungary', 260, '', '', 54),
(550, 'communities Granite', 'Bridget Fadel', '2022-04-14', 'Southwest', 240, '', '', 55),
(551, 'Representative', 'Bridget Fadel', '2022-10-20', 'Chicken', 107, '', '', 55),
(552, 'ah West Krypton', 'Bridget Fadel', '2022-08-27', 'Bicycle', 107, '', '', 55),
(553, 'model Promethium East', 'Bridget Fadel', '2022-02-10', 'granular', 57, '', '', 55),
(554, 'discrete heuristic Eulalia', 'Bridget Fadel', '2021-11-11', 'Bicycle', 173, '', '', 55),
(555, 'Accountability', 'Bridget Fadel', '2022-07-19', 'Chicken', 241, '', '', 55),
(556, 'Internal', 'Bridget Fadel', '2021-11-29', 'Chicken', 282, '', '', 55),
(557, 'Bronze', 'Bridget Fadel', '2022-09-26', 'Southwest', 196, '', '', 55),
(558, 'Pop Zinc Miramar', 'Bridget Fadel', '2022-03-29', 'Chicken', 135, '', '', 55),
(560, 'Implemented Market Mountain', 'Danielle Connelly', '2021-12-17', 'Summerville', 61, '', '', 56),
(561, 'AI', 'Danielle Connelly', '2021-11-21', 'Bicycle', 46, '', '', 56),
(562, 'Architect', 'Danielle Connelly', '2022-08-10', 'Hungary', 27, '', '', 56),
(563, 'pink dimple', 'Danielle Connelly', '2022-02-21', 'gray', 149, '', '', 56),
(564, 'generate boldly', 'Danielle Connelly', '2022-05-15', 'calculating', 48, '', '', 56),
(565, 'work quantifying bluetooth', 'Danielle Connelly', '2022-03-21', 'Buckinghamshire', 291, '', '', 56),
(570, 'Wyoming', 'Lee Gislason', '2022-02-21', 'Tungsten', 290, '', '', 57),
(571, 'opposite', 'Lee Gislason', '2022-04-15', 'Buckinghamshire', 189, '', '', 57),
(572, 'Granite Interactions', 'Lee Gislason', '2022-07-05', 'SAS', 253, '', '', 57),
(573, 'Won', 'Lee Gislason', '2022-04-17', 'Schaden', 153, '', '', 57),
(574, 'during Petaluma', 'Lee Gislason', '2022-04-24', 'SAS', 272, '', '', 57),
(575, 'Planner', 'Lee Gislason', '2022-08-05', 'Northwest', 290, '', '', 57),
(580, 'pink Hybrid implementation', 'Delia Stanton', '2022-04-03', 'Tungsten', 286, '', '', 58),
(581, 'lavender Berkshire', 'Delia Stanton', '2022-02-24', 'Bicycle', 223, '', '', 58),
(582, 'Country', 'Delia Stanton', '2022-01-10', 'Buckinghamshire', 52, '', '', 58),
(583, 'pale Tricycle invoice', 'Delia Stanton', '2022-01-01', 'Schaden', 123, '', '', 58),
(584, 'mobile Pizza invoice', 'Delia Stanton', '2022-01-17', 'PNG', 222, '', '', 58),
(585, 'whorl online Radium', 'Delia Stanton', '2022-07-18', 'Monroe', 258, '', '', 58),
(586, 'Car', 'Delia Stanton', '2022-05-28', 'Northwest', 178, '', '', 58),
(587, 'Convertible Tandem', 'Delia Stanton', '2021-12-20', 'Hungary', 53, '', '', 58),
(588, 'gray', 'Delia Stanton', '2022-01-21', 'Tungsten', 13, '', '', 58),
(589, 'Americium schemas program', 'Delia Stanton', '2022-03-05', 'Summerville', 241, '', '', 58),
(590, 'monetize Convertible', 'Mrs. Dolores Keebler', '2021-11-09', 'SAS', 231, '', '', 59),
(600, 'Loan', 'Mr. Kristina Klein DVM', '2022-02-20', 'Hungary', 16, '', '', 60),
(601, 'JBOD Electronic Sports', 'Mr. Kristina Klein DVM', '2022-03-21', 'Tungsten', 6, '', '', 60),
(602, 'efficacy female since', 'Mr. Kristina Klein DVM', '2022-04-12', 'Chicken', 73, '', '', 60),
(610, 'aha', 'Irma Bode', '2022-02-07', 'SAS', 38, '', '', 61),
(611, 'silver ohm', 'Irma Bode', '2022-07-24', 'reboot', 231, '', '', 61),
(612, 'North 1080p portal', 'Irma Bode', '2022-07-24', 'PNG', 130, '', '', 61),
(613, 'JSON', 'Irma Bode', '2022-03-23', 'Northwest', 221, '', '', 61),
(614, 'vainly', 'Irma Bode', '2022-02-07', 'Bicycle', 100, '', '', 61),
(615, 'orange Senior', 'Irma Bode', '2021-12-28', 'reboot', 16, '', '', 61),
(616, 'West Northwest', 'Irma Bode', '2022-04-18', 'PNG', 170, '', '', 61),
(620, 'Northeast civilise', 'Meghan Krajcik', '2022-03-09', 'PNG', 239, '', '', 62),
(621, 'Investment bus CSS', 'Meghan Krajcik', '2022-10-05', 'Bicycle', 39, '', '', 62),
(622, 'Som Salad ouch', 'Meghan Krajcik', '2022-09-30', 'Schaden', 273, '', '', 62),
(623, 'Usability hungrily', 'Meghan Krajcik', '2022-02-18', 'Southwest', 274, '', '', 62),
(624, 'Demiflux', 'Meghan Krajcik', '2022-05-10', 'Chicken', 231, '', '', 62),
(625, 'vet', 'Meghan Krajcik', '2022-07-12', 'Summerville', 281, '', '', 62),
(626, 'eaque Lead vortals', 'Meghan Krajcik', '2022-03-07', 'gray', 106, '', '', 62),
(627, 'Bedfordshire park', 'Meghan Krajcik', '2021-12-15', 'gray', 82, '', '', 62),
(630, 'equality Planner', 'Lena Cartwright', '2021-12-24', 'SAS', 161, '', '', 63),
(631, 'TLS Executive', 'Lena Cartwright', '2021-11-03', 'reboot', 282, '', '', 63),
(632, 'Granite Executive', 'Lena Cartwright', '2022-07-17', 'Chicken', 225, '', '', 63),
(633, 'Dalasi Southwest Turkmenistan', 'Lena Cartwright', '2022-09-24', 'reboot', 67, '', '', 63),
(634, 'Promethium', 'Lena Cartwright', '2022-10-04', 'Southwest', 12, '', '', 63),
(635, 'eveniet', 'Lena Cartwright', '2022-09-03', 'Summerville', 248, '', '', 63),
(636, 'Chicken', 'Lena Cartwright', '2022-01-09', 'reboot', 115, '', '', 63),
(640, 'Elyria azure Northwest', 'Miss Rolando Keeling', '2022-09-10', 'gray', 203, '', '', 64),
(641, 'Pickup Borders Dakota', 'Miss Rolando Keeling', '2022-09-21', 'calculating', 56, '', '', 64),
(642, 'withdrawal Gorgeous', 'Miss Rolando Keeling', '2022-03-08', 'Northwest', 150, '', '', 64),
(650, 'Liaison Mozambique panel', 'Connie Schaefer', '2022-09-06', 'Chicken', 155, '', '', 65),
(651, 'deposit Avon man', 'Connie Schaefer', '2022-03-17', 'Summerville', 31, '', '', 65),
(652, 'Synergized Intranet', 'Connie Schaefer', '2022-06-05', 'Chicken', 154, '', '', 65),
(653, 'East Tricycle Configuration', 'Connie Schaefer', '2022-10-08', 'SAS', 44, '', '', 65),
(660, 'supplement Ruthenium', 'Kristin Stehr', '2021-11-27', 'Northwest', 128, '', '', 66),
(661, 'Market', 'Kristin Stehr', '2021-12-11', 'granular', 157, '', '', 66),
(662, 'Holmium Tactics South', 'Kristin Stehr', '2022-06-04', 'Schaden', 56, '', '', 66),
(663, 'Northeast', 'Kristin Stehr', '2022-10-11', 'Summerville', 199, '', '', 66),
(670, 'doll', 'Jessica Thompson', '2022-04-07', 'SAS', 276, '', '', 67),
(671, 'Direct bluetooth female', 'Jessica Thompson', '2022-03-22', 'Hungary', 244, '', '', 67),
(672, 'Electronic outlook', 'Jessica Thompson', '2021-11-10', 'Tungsten', 10, '', '', 67),
(673, 'gosh input Norwalk', 'Jessica Thompson', '2022-05-18', 'PNG', 147, '', '', 67),
(674, 'Pants', 'Jessica Thompson', '2022-01-21', 'Monroe', 173, '', '', 67),
(675, 'Shoal synthesize', 'Jessica Thompson', '2022-05-09', 'Buckinghamshire', 57, '', '', 67),
(680, 'Jaguar', 'Lorenzo Rodriguez', '2022-10-22', 'reboot', 293, '', '', 68),
(681, 'Credit', 'Lorenzo Rodriguez', '2021-12-26', 'PNG', 6, '', '', 68),
(682, 'impactful secondary', 'Lorenzo Rodriguez', '2022-03-05', 'calculating', 248, '', '', 68),
(690, 'payment hard structure', 'Jackie Stark', '2022-05-16', 'Summerville', 9, '', '', 69),
(691, 'protocol', 'Jackie Stark', '2022-01-12', 'Schaden', 49, '', '', 69),
(692, 'Country Rhenium West', 'Jackie Stark', '2021-11-10', 'gray', 67, '', '', 69),
(693, 'Southeast hm National', 'Jackie Stark', '2022-02-21', 'Hungary', 300, '', '', 69),
(694, 'consectetur daintily Androgyne', 'Jackie Stark', '2022-10-15', 'granular', 275, '', '', 69),
(695, 'Architect', 'Jackie Stark', '2022-06-01', 'Buckinghamshire', 194, '', '', 69),
(700, 'Nakfa Kia Northwest', 'Melinda Herman', '2022-02-12', 'Summerville', 116, '', '', 70),
(710, 'paddle compost Wagon', 'Mr. Cathy Franey', '2022-06-24', 'PNG', 97, '', '', 71),
(711, 'when Washington', 'Mr. Cathy Franey', '2022-01-24', 'gray', 127, '', '', 71),
(712, 'grey B2C lavender', 'Mr. Cathy Franey', '2022-04-26', 'PNG', 55, '', '', 71),
(720, 'Transexual capacity array', 'Sophia Dibbert', '2022-01-24', 'gray', 78, '', '', 72),
(721, 'utilize View', 'Sophia Dibbert', '2022-04-22', 'Bicycle', 223, '', '', 72),
(722, 'infrastructure', 'Sophia Dibbert', '2022-09-21', 'Tungsten', 152, '', '', 72),
(730, 'Account aha Avery', 'Pearl Borer', '2021-12-04', 'Southwest', 262, '', '', 73),
(731, 'orchid East', 'Pearl Borer', '2022-03-05', 'Southwest', 274, '', '', 73),
(732, 'Research Diesel bandwidth', 'Pearl Borer', '2022-01-16', 'calculating', 242, '', '', 73),
(733, 'Nissan mesh hack', 'Pearl Borer', '2022-05-30', 'Buckinghamshire', 271, '', '', 73),
(734, 'coulomb', 'Pearl Borer', '2022-07-31', 'Bicycle', 145, '', '', 73),
(735, 'copy explicit Chrysler', 'Pearl Borer', '2021-11-28', 'Chicken', 9, '', '', 73),
(736, 'Rubber next East', 'Pearl Borer', '2022-05-08', 'Bicycle', 287, '', '', 73),
(740, 'candela', 'Andy Cormier', '2021-11-06', 'PNG', 275, '', '', 74),
(741, 'pascal', 'Andy Cormier', '2021-12-06', 'Tungsten', 263, '', '', 74),
(742, 'ubiquitous transmit salmon', 'Andy Cormier', '2021-11-23', 'Bicycle', 74, '', '', 74),
(743, 'Crew markets Mazda', 'Andy Cormier', '2022-02-02', 'PNG', 14, '', '', 74),
(744, 'SMS Electric', 'Andy Cormier', '2022-02-14', 'Monroe', 121, '', '', 74),
(745, 'Kwanza', 'Andy Cormier', '2022-06-11', 'Hungary', 77, '', '', 74),
(746, 'Account Granite', 'Andy Cormier', '2022-06-21', 'Bicycle', 82, '', '', 74),
(750, 'female Direct users', 'Charlene Monahan', '2022-07-09', 'PNG', 183, '', '', 75),
(760, 'primary blah becquerel', 'Israel Crist', '2022-07-10', 'Southwest', 158, '', '', 76),
(761, 'alarm sint', 'Israel Crist', '2022-06-29', 'Tungsten', 65, '', '', 76),
(762, 'cupiditate brand', 'Israel Crist', '2022-07-12', 'calculating', 261, '', '', 76),
(763, 'Park withdrawal', 'Israel Crist', '2022-04-17', 'Chicken', 273, '', '', 76),
(764, 'Well', 'Israel Crist', '2022-01-23', 'Hungary', 36, '', '', 76),
(765, 'Chips program meh', 'Israel Crist', '2022-05-24', 'gray', 261, '', '', 76),
(766, 'HTTP application encompassing', 'Israel Crist', '2022-02-06', 'Summerville', 58, '', '', 76),
(770, 'Auto XSS', 'Felicia Hettinger', '2022-07-11', 'Southwest', 118, '', '', 77),
(771, 'Bronze', 'Felicia Hettinger', '2022-03-16', 'reboot', 93, '', '', 77),
(780, 'South Checking utilize', 'Roman Johnston', '2022-03-04', 'PNG', 173, '', '', 78),
(781, 'Cis Toyota Decentralized', 'Roman Johnston', '2022-07-10', 'Hungary', 5, '', '', 78),
(782, 'person database', 'Roman Johnston', '2021-11-13', 'Monroe', 278, '', '', 78),
(783, 'nemo North', 'Roman Johnston', '2022-03-22', 'Monroe', 221, '', '', 78),
(790, 'blue', 'Colleen Frami', '2022-09-09', 'PNG', 228, '', '', 79),
(800, 'Robust District', 'Jared Koch', '2022-02-13', 'Southwest', 281, '', '', 80),
(801, 'Bike', 'Jared Koch', '2021-11-17', 'SAS', 144, '', '', 80),
(810, 'Ruthenium Electric', 'Trevor Weissnat', '2022-08-10', 'calculating', 204, '', '', 81),
(820, 'whether schemas ampere', 'Albert Block', '2022-02-20', 'gray', 160, '', '', 82),
(821, 'Montana', 'Albert Block', '2021-10-24', 'Summerville', 195, '', '', 82),
(822, 'Personal Minivan Pizza', 'Albert Block', '2022-01-05', 'Schaden', 86, '', '', 82),
(823, 'Silver Electric besides', 'Albert Block', '2022-10-01', 'Monroe', 181, '', '', 82),
(824, 'Fiji circuit Hop', 'Albert Block', '2022-08-12', 'Buckinghamshire', 23, '', '', 82),
(825, 'Trans Sports virtual', 'Albert Block', '2021-11-28', 'calculating', 114, '', '', 82),
(826, 'Shoes', 'Albert Block', '2021-11-05', 'Chicken', 13, '', '', 82),
(830, 'Mazda', 'Leonard Rice', '2022-05-29', 'reboot', 4, '', '', 83),
(831, 'Reggae', 'Leonard Rice', '2022-01-26', 'gray', 193, '', '', 83),
(832, 'Loan Account', 'Leonard Rice', '2022-07-06', 'Tungsten', 206, '', '', 83),
(833, 'inasmuch person Fiji', 'Leonard Rice', '2021-12-11', 'calculating', 129, '', '', 83),
(834, 'Chevrolet Refined black', 'Leonard Rice', '2021-11-20', 'Buckinghamshire', 240, '', '', 83),
(835, 'indexing', 'Leonard Rice', '2022-04-27', 'granular', 135, '', '', 83),
(836, 'wireless Ohio Cis', 'Leonard Rice', '2022-01-06', 'Tungsten', 297, '', '', 83),
(837, 'robust dynamic', 'Leonard Rice', '2021-12-25', 'Buckinghamshire', 167, '', '', 83),
(838, 'Togo azure', 'Leonard Rice', '2022-10-09', 'SAS', 249, '', '', 83),
(840, 'teal Southwest joule', 'Lyle Bauch', '2022-10-10', 'reboot', 86, '', '', 84),
(841, 'buttress Health Bicycle', 'Lyle Bauch', '2022-04-04', 'Northwest', 121, '', '', 84),
(842, 'Associate', 'Lyle Bauch', '2022-01-19', 'gray', 231, '', '', 84),
(850, 'East outside', 'Vincent McDermott V', '2021-11-21', 'Monroe', 99, '', '', 85),
(851, 'Lead Reggae kindheartedly', 'Vincent McDermott V', '2022-10-16', 'granular', 117, '', '', 85),
(852, 'candela Synergistic', 'Vincent McDermott V', '2022-09-30', 'PNG', 217, '', '', 85),
(853, 'F2M', 'Vincent McDermott V', '2022-01-19', 'SAS', 101, '', '', 85),
(854, 'Generic', 'Vincent McDermott V', '2022-07-01', 'granular', 54, '', '', 85),
(855, 'Account female kiddingly', 'Vincent McDermott V', '2021-11-18', 'Summerville', 71, '', '', 85),
(856, 'Omani Quality', 'Vincent McDermott V', '2022-04-01', 'Northwest', 131, '', '', 85),
(857, 'Hybrid deposit Health', 'Vincent McDermott V', '2022-05-22', 'PNG', 90, '', '', 85),
(858, 'Beach Operative', 'Vincent McDermott V', '2021-11-11', 'Southwest', 185, '', '', 85),
(859, 'withdrawal Southwest', 'Vincent McDermott V', '2022-03-19', 'Monroe', 294, '', '', 85),
(860, 'Web', 'Faye Kling II', '2022-06-23', 'PNG', 102, '', '', 86),
(861, 'Licensed', 'Faye Kling II', '2022-03-04', 'Northwest', 169, '', '', 86),
(862, 'Rap Tajikistan', 'Faye Kling II', '2021-12-04', 'Southwest', 157, '', '', 86),
(863, 'Northeast SCSI', 'Faye Kling II', '2021-12-08', 'SAS', 262, '', '', 86),
(870, 'New Tasty', 'Nathan Yundt', '2021-11-30', 'Summerville', 155, '', '', 87),
(871, 'microchip algorithm Auto', 'Nathan Yundt', '2022-03-11', 'Chicken', 171, '', '', 87),
(872, 'Manager', 'Nathan Yundt', '2022-02-17', 'Southwest', 189, '', '', 87),
(873, 'Barbados Engineer Hybrid', 'Nathan Yundt', '2022-08-09', 'gray', 137, '', '', 87),
(874, 'Gasoline Maryland Stamm', 'Nathan Yundt', '2022-03-13', 'SAS', 11, '', '', 87),
(875, 'hawk', 'Nathan Yundt', '2021-12-22', 'Schaden', 114, '', '', 87),
(876, 'payment female', 'Nathan Yundt', '2022-07-02', 'Chicken', 257, '', '', 87),
(880, 'Assistant Georgia', 'Milton Prosacco', '2022-10-02', 'Southwest', 123, '', '', 88),
(881, 'Developer Fremont', 'Milton Prosacco', '2022-03-29', 'Tungsten', 132, '', '', 88),
(882, 'Fermium', 'Milton Prosacco', '2021-10-30', 'Bicycle', 198, '', '', 88),
(883, 'Shoes', 'Milton Prosacco', '2022-01-09', 'calculating', 165, '', '', 88),
(884, 'honorable', 'Milton Prosacco', '2021-11-23', 'Southwest', 35, '', '', 88),
(885, 'male and', 'Milton Prosacco', '2022-09-21', 'Northwest', 39, '', '', 88),
(890, 'Granite Magnesium', 'Gina Rohan IV', '2022-10-09', 'Southwest', 184, '', '', 89),
(891, 'transmit', 'Gina Rohan IV', '2022-05-23', 'Bicycle', 236, '', '', 89),
(892, 'Coordinator uniform', 'Gina Rohan IV', '2022-02-05', 'Monroe', 214, '', '', 89),
(893, 'Funk tomorrow', 'Gina Rohan IV', '2022-06-24', 'gray', 136, '', '', 89),
(894, 'technologies', 'Gina Rohan IV', '2022-02-04', 'Summerville', 140, '', '', 89),
(900, 'Forward', 'Fernando Kohler', '2022-04-24', 'Buckinghamshire', 149, '', '', 90),
(901, 'natus', 'Fernando Kohler', '2022-07-07', 'calculating', 33, '', '', 90),
(902, 'Fiat', 'Fernando Kohler', '2022-03-05', 'Chicken', 75, '', '', 90),
(903, 'local accusamus Facilitator', 'Fernando Kohler', '2022-02-23', 'Hungary', 200, '', '', 90),
(904, 'Fresh', 'Fernando Kohler', '2022-10-15', 'granular', 75, '', '', 90),
(905, 'Tasty IP Southwest', 'Fernando Kohler', '2022-04-22', 'gray', 235, '', '', 90),
(906, 'virtual', 'Fernando Kohler', '2022-04-13', 'calculating', 126, '', '', 90),
(910, 'coincidence indigo', 'George Kreiger', '2022-10-23', 'Northwest', 252, '', '', 91),
(920, 'Findlay', 'Jonathon Cartwright', '2022-10-04', 'granular', 191, '', '', 92),
(921, 'UTF8 Purdy', 'Jonathon Cartwright', '2022-02-02', 'Southwest', 17, '', '', 92),
(922, 'gopher Metal maximize', 'Jonathon Cartwright', '2022-09-25', 'reboot', 275, '', '', 92),
(923, 'East', 'Jonathon Cartwright', '2022-03-22', 'Monroe', 265, '', '', 92),
(924, 'gray Customer Cook', 'Jonathon Cartwright', '2022-06-21', 'gray', 21, '', '', 92),
(925, 'ullam West', 'Jonathon Cartwright', '2021-12-14', 'reboot', 57, '', '', 92),
(926, 'Scranton', 'Jonathon Cartwright', '2022-08-28', 'Summerville', 62, '', '', 92),
(927, 'engine Senior', 'Jonathon Cartwright', '2022-05-11', 'granular', 220, '', '', 92),
(930, 'Oklahoma', 'Oliver Lang', '2022-05-30', 'PNG', 187, '', '', 93),
(931, 'port Orchestrator Upton', 'Oliver Lang', '2022-07-26', 'SAS', 78, '', '', 93),
(940, 'where', 'Neil Krajcik', '2022-08-21', 'SAS', 253, '', '', 94),
(941, 'hence', 'Neil Krajcik', '2022-06-28', 'PNG', 107, '', '', 94),
(942, 'computerise national Coast', 'Neil Krajcik', '2022-07-29', 'Buckinghamshire', 283, '', '', 94),
(943, 'online reciprocal yuck', 'Neil Krajcik', '2022-04-08', 'Chicken', 135, '', '', 94),
(944, 'Dynamic Altamonte Northwest', 'Neil Krajcik', '2022-04-24', 'Summerville', 299, '', '', 94),
(950, 'National', 'Hugh Russel', '2022-08-11', 'gray', 85, '', '', 95),
(951, 'Cisgender vero female', 'Hugh Russel', '2021-12-03', 'Southwest', 294, '', '', 95),
(952, 'Northwest', 'Hugh Russel', '2022-08-06', 'Chicken', 294, '', '', 95),
(953, 'Developer', 'Hugh Russel', '2022-06-10', 'Schaden', 287, '', '', 95),
(954, 'Sedan', 'Hugh Russel', '2021-12-05', 'Monroe', 260, '', '', 95),
(955, 'RSS', 'Hugh Russel', '2022-03-17', 'Schaden', 295, '', '', 95),
(956, 'Tuvalu bypass Wooden', 'Hugh Russel', '2022-08-05', 'calculating', 258, '', '', 95),
(957, 'trick Berkshire Peso', 'Hugh Russel', '2022-08-01', 'Northwest', 124, '', '', 95),
(958, 'Planner synthesize navigating', 'Hugh Russel', '2022-07-04', 'SAS', 89, '', '', 95),
(960, 'South Northeast Rover', 'Mrs. Madeline Hagenes', '2022-10-21', 'Hungary', 115, '', '', 96),
(961, 'generate', 'Mrs. Madeline Hagenes', '2022-01-24', 'PNG', 64, '', '', 96),
(962, 'Country', 'Mrs. Madeline Hagenes', '2022-05-28', 'Southwest', 6, '', '', 96),
(963, 'Dollar', 'Mrs. Madeline Hagenes', '2022-08-29', 'Chicken', 31, '', '', 96),
(964, 'South man female', 'Mrs. Madeline Hagenes', '2022-07-16', 'Schaden', 148, '', '', 96),
(965, 'Armand Plastic Plastic', 'Mrs. Madeline Hagenes', '2022-10-19', 'gray', 37, '', '', 96),
(966, 'Carson', 'Mrs. Madeline Hagenes', '2022-09-16', 'PNG', 61, '', '', 96),
(967, 'Bicycle Implemented astride', 'Mrs. Madeline Hagenes', '2022-04-09', 'reboot', 212, '', '', 96),
(968, 'Savings', 'Mrs. Madeline Hagenes', '2022-05-25', 'PNG', 120, '', '', 96),
(969, 'infomediaries', 'Mrs. Madeline Hagenes', '2021-10-25', 'Schaden', 2, '', '', 96),
(970, 'what deposit explicabo', 'Damon Gutmann', '2022-07-04', 'Monroe', 94, '', '', 97),
(971, 'Gasoline', 'Damon Gutmann', '2022-09-29', 'Buckinghamshire', 174, '', '', 97),
(972, 'quidem digital Roentgenium', 'Damon Gutmann', '2022-10-04', 'granular', 78, '', '', 97),
(973, 'West', 'Damon Gutmann', '2021-11-04', 'reboot', 262, '', '', 97),
(974, 'Refined', 'Damon Gutmann', '2022-08-02', 'SAS', 42, '', '', 97),
(975, 'Fantastic brr reboot', 'Damon Gutmann', '2021-12-17', 'Summerville', 107, '', '', 97),
(976, 'Cheese Platinum hacking', 'Damon Gutmann', '2022-05-14', 'Buckinghamshire', 176, '', '', 97),
(980, 'Ratke male Producer', 'Nellie Kovacek', '2022-01-10', 'Buckinghamshire', 169, '', '', 98),
(981, 'index Mazda', 'Nellie Kovacek', '2022-07-19', 'gray', 173, '', '', 98),
(982, 'Licensed', 'Nellie Kovacek', '2021-10-26', 'Schaden', 271, '', '', 98),
(983, 'Turkey', 'Nellie Kovacek', '2022-05-11', 'Tungsten', 236, '', '', 98),
(990, 'Borders Hop East', 'Mr. Fredrick Raynor', '2022-07-23', 'Schaden', 25, '', '', 99);

-- --------------------------------------------------------

--
-- Table structure for table `album`
--

drop table if exists `album`;

CREATE TABLE `album` (
  `album_id` int NOT NULL,
  `judul` char(64) NOT NULL,
  `penyanyi` char(128) NOT NULL,
  `total_duration` int NOT NULL default 0,
  `image_path` char(255) NOT NULL,
  `tanggal_terbit` date NOT NULL DEFAULT (curdate()),
  `genre` char(64) DEFAULT NULL
) ENGINE=InnoDB DEFAULT CHARSET=utf8mb4 COLLATE=utf8mb4_general_ci;

--
-- Dumping data for table `album`
--

INSERT INTO `album` (`album_id`, `judul`, `penyanyi`, `total_duration`, `image_path`, `tanggal_terbit`, `genre`) VALUES
(0, 'malik12', 'Marion Emmerich', 814, '', '2022-10-07', NULL),
(1, 'invoice Caribbean South', 'Jeffrey Hilll Jr.', 1331, '', '2022-09-06', 'Southwest'),
(3, 'ranjabi', 'Dr. Charlotte Rogahn', 1282, '', '2022-03-03', NULL),
(4, 'though Indonesia Stage', 'Jay Quigley', 1064, '', '2022-04-20', 'Tungsten'),
(5, 'Franc Rubber man', 'Mr. Lula Blick', 1127, '', '2022-09-09', 'Hungary'),
(6, 'Product quantifying', 'Carlos Kunde', 803, '', '2022-03-15', 'granular'),
(7, 'Branding', 'Judy Mertz I', 845, '', '2022-03-21', 'Hungary'),
(8, 'Human scalable Modern', 'Margarita Pfeffer', 507, '', '2022-08-02', 'calculating'),
(9, 'North infomediaries male', 'Dr. Tommie Schultz', 722, '', '2022-01-08', 'Chicken'),
(10, 'Grocery Worth Pangender', 'Drew Doyle', 1406, '', '2022-06-27', 'PNG'),
(11, 'consist generate bypass', 'Kate Pfannerstill', 1491, '', '2022-03-25', 'Schaden'),
(12, 'Carmel', 'Steve Hettinger', 279, '', '2022-08-26', 'Bicycle'),
(13, 'indeed deposit auxiliary', 'Wendy McDermott', 1031, '', '2022-05-01', 'gray'),
(14, 'Orchestrator female', 'Jacquelyn Cremin', 833, '', '2021-12-07', 'Summerville'),
(15, 'Rubber navigate wealth', 'Marion Frami', 237, '', '2022-01-03', 'Monroe'),
(16, 'Southeast', 'Ms. Duane Herzog', 116, '', '2022-05-14', 'calculating'),
(17, 'Nobelium', 'Debbie Quitzon', 174, '', '2022-08-15', 'gray'),
(18, 'withdrawal Royce', 'Florence Kreiger', 1215, '', '2021-12-15', 'granular'),
(19, 'Bedfordshire conglomeration', 'Sabrina Shields', 1352, '', '2022-08-18', 'Tungsten'),
(20, 'Gardens', 'Miss Abel Gislason', 1256, '', '2022-05-15', 'Hungary'),
(21, 'whenever', 'Jerald Osinski', 950, '', '2022-10-13', 'gray'),
(22, 'Tala', 'Claudia Sanford', 1674, '', '2022-09-04', 'reboot'),
(23, 'irritably', 'Ruby Russel', 388, '', '2022-02-13', 'Hungary'),
(24, 'yellowish', 'Mr. Stephen Zemlak', 170, '', '2022-03-20', 'Schaden'),
(25, 'Planner', 'Marion Cruickshank', 1083, '', '2022-03-24', 'Schaden'),
(26, 'definition', 'Enrique Kub', 954, '', '2022-06-24', 'granular'),
(27, 'Cotton local Shoes', 'Deborah Nitzsche', 1278, '', '2021-11-18', 'Tungsten'),
(28, 'primary Sausages North', 'Mario Graham', 718, '', '2022-05-23', 'gray'),
(29, 'whose', 'Wilma Johnson', 653, '', '2021-12-07', 'Southwest'),
(30, 'Officer SQL maroon', 'Nadine Kozey Sr.', 624, '', '2022-10-06', 'Northwest'),
(31, 'Customer Licensed', 'Tim Huel', 473, '', '2022-04-10', 'Chicken'),
(32, 'at azure Gender', 'Eloise Witting', 816, '', '2022-05-01', 'Southwest'),
(33, 'Unbranded card', 'Matthew Stokes', 558, '', '2021-11-15', 'Hungary'),
(34, 'beginning', 'Cody Senger', 42, '', '2022-08-14', 'granular'),
(35, 'Sydni', 'Santiago Beatty', 1257, '', '2022-08-23', 'Chicken'),
(36, 'Van', 'Melanie Hermiston DVM', 1319, '', '2022-04-16', 'Northwest'),
(37, 'Folk Expanded', 'Stewart Tremblay', 1218, '', '2021-11-06', 'calculating'),
(38, 'THX bumpy virtual', 'Dr. Bradley Kilback', 1066, '', '2021-10-25', 'Monroe'),
(39, 'weber', 'Mona Watsica II', 739, '', '2022-08-27', 'gray'),
(40, 'Group', 'Shannon Reynolds', 16, '', '2022-04-13', 'Buckinghamshire'),
(41, 'Kansas Northeast', 'Miss Crystal Shields', 1032, '', '2022-10-05', 'SAS'),
(42, 'Central', 'Samuel Sanford', 48, '', '2022-10-20', 'Northwest'),
(43, 'East Versatile Ohio', 'Scott Lubowitz', 391, '', '2022-09-16', 'gray'),
(44, 'BMW Avon', 'Clifton Reynolds', 92, '', '2022-02-02', 'SAS'),
(45, 'Volvo slave', 'Ross Swift', 403, '', '2022-04-21', 'Southwest'),
(46, 'Ohio Checking', 'Joanna Morar', 1050, '', '2022-02-20', 'SAS'),
(47, 'generate why killer', 'Naomi Paucek', 1688, '', '2022-07-01', 'gray'),
(48, 'West', 'Claudia Hahn', 313, '', '2022-06-28', 'granular'),
(49, 'OCR', 'Marta Goldner MD', 1351, '', '2022-02-08', 'Tungsten'),
(50, 'Rubber Cambridgeshire Internal', 'Mr. Steven Stamm', 565, '', '2022-10-08', 'PNG'),
(51, 'voluptatem Polonium South', 'Muriel Farrell', 749, '', '2022-02-24', 'reboot'),
(52, 'Diesel', 'Gerald Beer', 328, '', '2021-12-04', 'granular'),
(53, 'transmitter', 'Miss Leroy Dietrich', 955, '', '2022-09-17', 'gray'),
(54, 'Bicycle Bicycle', 'Jeannie Von', 797, '', '2021-11-25', 'calculating'),
(55, 'Unbranded Dodge', 'Bridget Fadel', 1538, '', '2022-04-12', 'Northwest'),
(56, 'Massachusetts Senior Cotton', 'Danielle Connelly', 622, '', '2022-03-03', 'gray'),
(57, 'PCI Kia Georgia', 'Lee Gislason', 1447, '', '2022-09-25', 'Hungary'),
(58, 'microchip', 'Delia Stanton', 1649, '', '2021-12-16', 'SAS'),
(59, 'Kenyan South', 'Mrs. Dolores Keebler', 231, '', '2021-11-29', 'SAS'),
(60, 'Wichita Coupe', 'Mr. Kristina Klein DVM', 95, '', '2022-02-05', 'Monroe'),
(61, 'Program female fuchsia', 'Irma Bode', 906, '', '2022-05-25', 'Bicycle'),
(62, 'microchip thoroughly bonk', 'Meghan Krajcik', 1525, '', '2022-05-15', 'Tungsten'),
(63, 'Krypton', 'Lena Cartwright', 1110, '', '2022-08-29', 'Schaden'),
(64, 'urgently', 'Miss Rolando Keeling', 409, '', '2022-02-08', 'PNG'),
(65, 'Oriental definition', 'Connie Schaefer', 384, '', '2022-04-18', 'gray'),
(66, 'compress streamline Kansas', 'Kristin Stehr', 540, '', '2022-05-11', 'Chicken'),
(67, 'copying French Executive', 'Jessica Thompson', 907, '', '2022-02-02', 'Schaden'),
(68, 'Lucio Savings Principal', 'Lorenzo Rodriguez', 547, '', '2022-04-01', 'Schaden'),
(69, 'Bronze', 'Jackie Stark', 894, '', '2022-04-22', 'Schaden'),
(70, 'innovate', 'Melinda Herman', 116, '', '2022-06-25', 'PNG'),
(71, 'combine reinvent', 'Mr. Cathy Franey', 279, '', '2021-12-21', 'Tungsten'),
(72, 'Bicycle Executive', 'Sophia Dibbert', 453, '', '2022-03-28', 'Southwest'),
(73, 'vivaciously Smart Ohio', 'Pearl Borer', 1490, '', '2022-05-25', 'Buckinghamshire'),
(74, 'Synchronised', 'Andy Cormier', 906, '', '2022-08-05', 'SAS'),
(75, 'Cargo male', 'Charlene Monahan', 183, '', '2022-06-14', 'granular'),
(76, 'Van Bike', 'Israel Crist', 1112, '', '2022-08-02', 'Bicycle'),
(77, 'cleverly', 'Felicia Hettinger', 211, '', '2022-04-19', 'Summerville'),
(78, 'West', 'Roman Johnston', 677, '', '2022-06-10', 'Southwest'),
(79, 'France superstructure Northwest', 'Colleen Frami', 228, '', '2022-08-09', 'Northwest'),
(80, 'Unbranded Lawrencium yearningly', 'Jared Koch', 425, '', '2021-12-18', 'Schaden'),
(81, 'Generic Chile matrix', 'Trevor Weissnat', 204, '', '2022-03-06', 'Tungsten'),
(82, 'Southwest', 'Albert Block', 772, '', '2022-04-01', 'Schaden'),
(83, 'Terbium', 'Leonard Rice', 1620, '', '2022-05-12', 'granular'),
(84, 'Gasoline', 'Lyle Bauch', 438, '', '2022-08-19', 'Bicycle'),
(85, 'index empowering Fresh', 'Vincent McDermott V', 1359, '', '2021-12-21', 'SAS'),
(86, 'legalise drive', 'Faye Kling II', 690, '', '2021-11-03', 'Hungary'),
(87, 'Tools Niue', 'Nathan Yundt', 1034, '', '2021-12-22', 'reboot'),
(88, 'Namibia Somali New', 'Milton Prosacco', 692, '', '2022-01-05', 'SAS'),
(89, 'UDP', 'Gina Rohan IV', 910, '', '2022-09-26', 'Buckinghamshire'),
(90, 'Bugatti Hawaii', 'Fernando Kohler', 893, '', '2021-11-21', 'reboot'),
(91, 'Country SCSI', 'George Kreiger', 252, '', '2022-01-29', 'SAS'),
(92, 'cease TCP Associate', 'Jonathon Cartwright', 1108, '', '2022-03-17', 'Bicycle'),
(93, 'versus', 'Oliver Lang', 265, '', '2021-12-05', 'Monroe'),
(94, 'West calculate', 'Neil Krajcik', 1077, '', '2022-09-04', 'Buckinghamshire'),
(95, 'Bicycle Islands', 'Hugh Russel', 1986, '', '2021-10-25', 'Tungsten'),
(96, 'Handmade', 'Mrs. Madeline Hagenes', 796, '', '2022-07-14', 'Bicycle'),
(97, 'Northeast', 'Damon Gutmann', 933, '', '2022-07-24', 'PNG'),
(98, 'Lilangeni Interactions Osmium', 'Nellie Kovacek', 849, '', '2022-07-05', 'Chicken'),
(99, 'but', 'Mr. Fredrick Raynor', 25, '', '2022-05-18', 'SAS');

-- --------------------------------------------------------

--
-- Table structure for table `user`
--

drop table if exists `user`;

CREATE TABLE `user` (
  `user_id` int NOT NULL,
  `nama` char(255) NOT NULL,
  `email` char(255) NOT NULL,
  `password` char(255) NOT NULL,
  `username` char(255) NOT NULL,
  `isAdmin` tinyint(1) NOT NULL DEFAULT '0'
) ENGINE=InnoDB DEFAULT CHARSET=utf8mb4 COLLATE=utf8mb4_general_ci;

--
-- Dumping data for table `user`
--

INSERT INTO `user` (`user_id`, `nama`, `email`, `password`, `username`, `isAdmin`) VALUES
(1, 'malik', 'aaa@gmail.com13', '$2y$10$fJtI156yyS.gLDebA7AwKupZJXhk6MsV6oN6tgA48tED0B9zzwTBK', 'uname111', 1),
(2, 'malik', 'hashemi@gmail.com13', '$2y$10$fJtI156yyS.gLDebA7AwKupZJXhk6MsV6oN6tgA48tED0B9zzwTBK', 'uname2', 1),
(3, 'malik', 'malik@gmail.com', '$2y$10$b0Ey7SCcJiFPmBCBHre8qeA07JTt7OAc7OqTeC1kSc2SAbNiH8xPy', 'malik', 1),
(4, 'Tommie Weimann', 'Tess.Marvin99@yahoo.com', '2AqOA01IIrP6v4C', 'Camilla_Wiza90', 1),
(5, 'Aaron Price', 'Darian.Wisoky@hotmail.com', '7daecwQackQvx4B', 'Mauricio92', 1),
(6, 'Tommy Walter', 'Torey.Pacocha@yahoo.com', 'JPLI8TNRXx_Uo7U', 'Golden10', 1),
(7, 'Anita Franey DVM', 'Brandon22@yahoo.com', 'IASJOYGLiRmTMco', 'Loren.Sporer', 0),
(8, 'Ken Klocko', 'Joannie42@hotmail.com', 'RfPj2LsljUQh917', 'Cale.Smitham37', 0),
(9, 'Armando Kuhn', 'Murl45@yahoo.com', 'gXhha7ODzKLNH5L', 'Lorena_Ward54', 0),
(10, 'Michele Cremin', 'Haylee_Casper27@hotmail.com', 'hLgBov5T_I8qOCL', 'Kattie.Trantow', 0),
(11, 'Dwayne Flatley', 'Celine.Casper@yahoo.com', 'QSjuAbSaR8BhqRT', 'General69', 0),
(12, 'Charles Heller', 'Price_Gusikowski@hotmail.com', 'qExEcxZL4QY7459', 'Ransom1', 0),
(13, 'Darlene Dibbert', 'Helga87@hotmail.com', 'fkWiHmZvX5AUFRe', 'Pattie.Walker99', 0),
(14, 'Christopher Baumbach', 'Shaniya36@hotmail.com', 'H890JfnnkcOPjJs', 'Giovanni70', 0),
(15, 'Arlene Jacobi', 'Julianne33@gmail.com', 'bIDLlx70CUbfLK1', 'Amber.Johns', 0),
(16, 'Olive Fadel', 'Tomas_Koss@hotmail.com', 'eZ_85Jnw347A7Pd', 'Matilda_Bayer42', 0),
(17, 'Cameron Gibson', 'Emely_Brown17@gmail.com', 'B01FhCtk7qH9p65', 'Ronny_Kemmer', 0),
(18, 'Dwight Hoppe', 'Itzel27@hotmail.com', '8dvLWqfC0XdSWEf', 'Freddy.Kessler', 0),
(19, 'Dexter Wehner', 'Soledad_Botsford@gmail.com', '7ZYz1AILQhm8rj1', 'Lexi50', 0),
(20, 'Domingo Bartoletti', 'Cornelius.Dicki78@gmail.com', 'NBmUCuRAGYq4aPy', 'Tre75', 0),
(21, 'Gina Streich', 'Kamren24@yahoo.com', 'h1nmIZzp1CAEBlD', 'Bruce.Crist72', 0),
(22, 'Edna Stamm', 'Edmond.DuBuque19@hotmail.com', '_OkJDRYhbrQwdWn', 'Antonetta_Pouros35', 0),
(23, 'Sheldon Nienow', 'Hayden_Langworth@gmail.com', 'Wth9gqxvm9VGTxK', 'Henderson47', 0),
(24, 'Sandra Barrows', 'Charlene.Kovacek@yahoo.com', '7CUVL49DJGJ7tY0', 'Kris.Ruecker6', 0),
(25, 'Ms. Alton Carroll', 'Ricky3@yahoo.com', 'EOx6yHmewLalJoC', 'Sister_Hagenes41', 0),
(26, 'Joshua Dare', 'Brice0@yahoo.com', 'T3MfW7OcViVRVWf', 'Nyasia.West44', 0),
(27, 'Sara Buckridge', 'Serena_Bode18@yahoo.com', 'MUP08Y6nTUN7CDo', 'Brayan_Zemlak', 0),
(28, 'Oscar Corwin', 'Narciso_Auer8@yahoo.com', '4NV5BYdB2GMslii', 'Marcus_Carroll', 0),
(29, 'Nina Franecki', 'Clarissa69@yahoo.com', 'CLE5T2h0QHaebAk', 'Armani_Moen22', 0),
(30, 'Cory Ratke Jr.', 'Eliane9@hotmail.com', 'aI8T5JxEkRZswRu', 'Gisselle6', 0),
(31, 'Jerald Powlowski', 'Avis49@hotmail.com', '8mJ08fGv3uAxIvj', 'Chloe26', 0),
(32, 'Loren Lindgren', 'Guiseppe.Ziemann3@gmail.com', 'NRPlFFuxY1QNhSl', 'Andre.Ebert', 0),
(33, 'Lorraine Kirlin', 'Gregory.Harber@yahoo.com', '0oeNc8v6oR1VZWm', 'Lavinia63', 0),
(34, 'Josephine Kuhlman', 'Talia.Howe16@yahoo.com', 'OiKqFyTRrPCdSUL', 'Josh39', 0),
(35, 'Mr. Emanuel Koss', 'Miller_Rohan@hotmail.com', 'idWqZz83ouf2KZO', 'Lourdes51', 0),
(36, 'Casey Fritsch', 'Ken.Cruickshank@hotmail.com', 'I1vMr8gUM9KLdjW', 'Dahlia.Kertzmann', 0),
(37, 'Lillian Kulas DDS', 'Mabelle.Rau83@hotmail.com', 'HlmG8W_eWk2UJ6U', 'Angelita.Stracke64', 0),
(38, 'Ebony Doyle', 'Kelvin_Mueller@gmail.com', 'XRbxqgwQxDX13h3', 'Kacie36', 0),
(39, 'Tommie Collins', 'Gisselle_OConnell76@hotmail.com', 'UJaTiyboQSKKCMK', 'Christy_Carroll', 0),
(40, 'Ms. Evan Kunde', 'Rhea83@yahoo.com', '9crdCiLdMS3ohHP', 'Arvilla32', 0),
(41, 'Gregory Boyle', 'Ally_Sauer@yahoo.com', 'KDw7MjL9Wjdp8xH', 'Judge_Schultz', 0),
(42, 'Teresa Hills', 'Murray.OHara40@gmail.com', 'C2LFBMrsD4boYZt', 'Bonita42', 0),
(43, 'Faye Baumbach', 'Oda99@yahoo.com', 'BoG1YQ0FAamsyLO', 'Kelley_Schulist67', 0),
(44, 'Tommie Bahringer', 'Mya.OHara64@gmail.com', 'OYaIVJs5u2hFKH1', 'Donnie_Effertz44', 0),
(45, 'Hannah Quigley', 'Weston_Heller@hotmail.com', '9R5tICnbxMo9q_R', 'Emmanuel21', 0),
(46, 'Peter Koss', 'Santa.Schaden52@yahoo.com', 'mZ4_cKti13SoPOu', 'Dion41', 0),
(47, 'Taylor Cruickshank', 'Carolyn.Kuphal47@yahoo.com', 'lNJS2x1kADI7OfP', 'Max.Welch', 0),
(48, 'Marc Macejkovic', 'Carmine_Sauer81@gmail.com', '1P4FAY_CWcapBnu', 'Jaylen48', 0),
(49, 'Whitney Ortiz', 'Herta.Gerhold@yahoo.com', 'GML1umZFdOWVpvK', 'Jose.Carter64', 0),
(50, 'Troy Hara', 'Ike_Rohan@hotmail.com', 'vQ0U2LG3GgjJL2S', 'Muriel25', 0),
(51, 'Ed Hilpert', 'Selena.Johnson54@hotmail.com', '5EkLb4JD4rHl3H1', 'Julia_Dach17', 0),
(52, 'Elbert Quigley', 'Deion_Veum@hotmail.com', 'wlVcMIoCLKSj2AY', 'Ruth90', 0),
(53, 'Jon Pollich', 'Marcella.Bernhard@gmail.com', 'IBXyXae0r6GlsPY', 'Roberto92', 0),
(54, 'Alonzo Wehner', 'Aniya67@hotmail.com', 'cKkRIKXPM5PEACd', 'Kaylee61', 0),
(55, 'Sabrina Gleason', 'Keagan_Carter@hotmail.com', 'YAbOZ0pp1Ie0HMb', 'Patience.Reinger', 0),
(56, 'Cecil Jaskolski I', 'Alek55@hotmail.com', '9ZaHCa0IhOpsAZb', 'Gwen_Lakin6', 0),
(57, 'Brittany Rath', 'Jeremie.Purdy@yahoo.com', '1MOEnkwAkpxiMBa', 'Krystina28', 0),
(58, 'Scott Grady', 'Adaline61@yahoo.com', '49KcdQFv4SYD3_7', 'Dwight12', 0),
(59, 'Edward Gerlach', 'Tate31@hotmail.com', 'ULucyIvKsLMC_5Z', 'Hallie.White', 0),
(60, 'Penny Corwin', 'Dante_Simonis10@yahoo.com', 't9srqvT1m6I_eKF', 'Carley.Hodkiewicz33', 0),
(61, 'Victor Williamson', 'Ocie95@gmail.com', 'efd8lIG74Uy54OL', 'Charity66', 0),
(62, 'Victor Kerluke I', 'Elyssa.Doyle19@yahoo.com', '8WX9DW1Evua_LlL', 'Coralie.Rosenbaum36', 0),
(63, 'Ms. Eula Moen', 'Raina_Gorczany@hotmail.com', 'OPrdXbqYJNZjuEv', 'Lavinia_Terry21', 0),
(64, 'Tyler Paucek', 'Laron.Stark@gmail.com', 'n2KKFfdBcYPqJoB', 'Etha68', 0),
(65, 'Mr. Winston Beier', 'Conor35@gmail.com', '8mzyw0FteXDgQ4E', 'Jeffrey.Mertz', 0),
(66, 'Celia Wilkinson', 'Sid_Rau97@gmail.com', 'J1vqetFzwfYLJx5', 'Orland63', 0),
(67, 'Dwight Waters I', 'Annie_Denesik@yahoo.com', 'VN8buWvlEYuur7x', 'Zoie_Hegmann', 0),
(68, 'Mae Reilly', 'Margarett.Boehm@yahoo.com', '1fJXRUngvCP8O4q', 'Philip.Reinger', 0),
(69, 'Cynthia Carter', 'Wayne7@gmail.com', '5Rwh6k4LJFU1B2k', 'Tiffany_Ortiz', 0),
(70, 'Jamie Daniel IV', 'Bradley.Steuber@yahoo.com', 'ekpdZTgQRDp6IFj', 'Kevon.Strosin59', 0),
(71, 'Andres Lubowitz', 'Karli45@gmail.com', 'UHX_Gh1qHx3dAdr', 'Casimer38', 0),
(72, 'Mr. Diana Stroman', 'Vella23@gmail.com', 'WLOlNYgI0PJ05CL', 'Deron.Funk10', 0),
(73, 'Jessie Padberg', 'Gunner17@hotmail.com', 'M4YXtpscAGWu8wO', 'Carolanne21', 0),
(74, 'Rachael Swaniawski III', 'Juston2@yahoo.com', 'VgB4rGrkY8Pjfw7', 'Lacy22', 0),
(75, 'Miss Lorena Gottlieb', 'Brad.Turner5@hotmail.com', 'WUWxG8DUu34Vict', 'Harmony99', 0),
(76, 'Rosemarie Halvorson', 'Cale.Maggio@yahoo.com', '5TYcidQ6bt7QEPU', 'Howard30', 0),
(77, 'Perry Bruen Sr.', 'Rebekah.Runte43@hotmail.com', 'RY5GuY5olkS8q6D', 'Kaia17', 0),
(78, 'Dr. Margie Lebsack MD', 'Delia_Gutmann32@gmail.com', 'KkfdUlio09fAA7f', 'Kristofer.Farrell', 0),
(79, 'Tyrone Steuber', 'Jed94@gmail.com', 'kU2_SEloxf6sq8z', 'Peyton.Williamson', 0),
(80, 'Homer Cronin Jr.', 'Joseph_Bernhard77@yahoo.com', 'gMY1A9n8XsV_hme', 'Brandy.Schaden57', 0),
(81, 'Joel Hoppe', 'Britney43@gmail.com', 'GR5DBX6577axvx6', 'Mittie.Predovic', 0),
(82, 'Mr. Norma Fay', 'Gino99@hotmail.com', 'KmFfbS6VGpxdzmg', 'Sabrina.Konopelski2', 0),
(83, 'Eleanor Russel', 'Meta18@hotmail.com', 'RS5A6YOQMdhteMc', 'Paula66', 0),
(84, 'Opal Koelpin', 'Angelita22@gmail.com', 'L7v8PDdNJFUCBku', 'Susie58', 0),
(85, 'Edward Schmidt', 'Sallie_Bode34@hotmail.com', 'AuihrffNAoDRnZS', 'Walter.Hayes10', 0),
(86, 'Tommy Robel', 'Vincenzo44@hotmail.com', 'HvAoollDXsJ9f6y', 'Ward8', 0),
(87, 'Rose Kuphal', 'Alda.Feest55@hotmail.com', 'AoA9d3UzyHCoyK7', 'Oma.Nader', 0),
(88, 'Mr. Saul Flatley', 'Ettie.Reinger@yahoo.com', '3Kk7WRWKqEI1vbJ', 'Fern47', 0),
(89, 'Jerry Toy DVM', 'Erling49@hotmail.com', 'TWwAn8dzgr8NXBA', 'Cordell.Schmitt5', 0),
(90, 'Marilyn Waters', 'Hattie50@yahoo.com', 'eKcmeZglSXmkelK', 'Mervin.Kohler24', 0),
(91, 'Dr. Marlon Baumbach', 'Antonietta65@gmail.com', 'o42WBGiOLgDOs54', 'Rosario67', 0),
(92, 'Ms. Stewart Walker', 'Delta_Gerhold@hotmail.com', 'Fxjdf510dnIUe_7', 'Samir32', 0),
(93, 'Diane Gusikowski', 'Bernadine_Schumm@gmail.com', '_wlhySb9yThICbr', 'Torrance_Haag', 0),
(94, 'Jenna Funk', 'Carli.Quitzon@gmail.com', 'XcP5K_8aiGXyF2t', 'Carmella.Davis', 0),
(95, 'Bryan Vandervort', 'Alexzander70@gmail.com', 'Nve_P3J6OGu0fGu', 'Nat_Abbott', 0),
(96, 'Rachael Gerlach', 'Darren_Beier74@hotmail.com', 'EyGWMPc5Mir2IOi', 'Grayson_Rice74', 0),
(97, 'Vickie Beatty MD', 'Estel49@gmail.com', 'ddVsxWDXQaNAZ4Z', 'Edmund6', 0),
(98, 'Hannah Friesen', 'Jerry_Kemmer@hotmail.com', '6XKeyFiwpsvotlG', 'Noe89', 0),
(99, 'Leonard Shields', 'Louvenia.Shanahan@hotmail.com', 'DPDJBAZVj5yamlr', 'Donna_Krajcik', 0),
(100, 'Nina Donnelly', 'Kiana.Schaden@gmail.com', 'pExdWndI0SlmGHk', 'Alysha_Harber', 0),
(101, 'Herbert Metz', 'Zella.Schneider@gmail.com', '32mcmMO4DcI5LD7', 'Clovis89', 0),
(102, 'Kelley Fisher', 'Filomena.Davis@yahoo.com', 'owKcUqWUTI_0t4X', 'Gisselle.Hilll30', 0),
(103, 'Jay Collins IV', 'Sidney15@yahoo.com', 'Bvi1YUv28gEkAGk', 'Harley19', 0),
(104, 'Krista Hickle', 'Cedrick_Hills@yahoo.com', 'XZQtxKoquV69Ygo', 'Santos94', 0),
(105, 'Lowell Sawayn', 'Courtney_Bernier92@hotmail.com', 'eHeh_4udX9IqMnR', 'Robb34', 0),
(106, 'Mario Prosacco Sr.', 'Rhianna_Brekke16@gmail.com', 'AnOgsSYm1bABhdc', 'Adrain.Jacobi', 0);

INSERT INTO `subscription` (`creator_id`, `subscriber_id`, `status`)
VALUES (1, 1, 'PENDING'),
  (1, 2, 'PENDING'),
  (1, 3, 'ACCEPTED'),
  (8, 3, 'PENDING'),
  (11, 2, 'ACCEPTED');

--
-- Indexes for dumped tables
--

--
-- Indexes for table `album`
--
ALTER TABLE `album`
  ADD PRIMARY KEY (`album_id`);

--
-- Indexes for table `song`
--
ALTER TABLE `song`
  ADD PRIMARY KEY (`song_id`),
  ADD KEY `album_id` (`album_id`);

--
-- Indexes for table `user`
--
ALTER TABLE `user`
  ADD PRIMARY KEY (`user_id`),
  ADD UNIQUE KEY `email` (`email`),
  ADD UNIQUE KEY `username` (`username`);

--
-- AUTO_INCREMENT for dumped tables
--

--
-- AUTO_INCREMENT for table `album`
--
ALTER TABLE `album`
  MODIFY `album_id` int NOT NULL AUTO_INCREMENT, AUTO_INCREMENT=100;

--
-- AUTO_INCREMENT for table `song`
--
ALTER TABLE `song`
  MODIFY `song_id` int NOT NULL AUTO_INCREMENT, AUTO_INCREMENT=991;

--
-- AUTO_INCREMENT for table `user`
--
ALTER TABLE `user`
  MODIFY `user_id` int NOT NULL AUTO_INCREMENT, AUTO_INCREMENT=107;

--
-- Constraints for dumped tables
--

--
-- Constraints for table `song`
--
ALTER TABLE `song`
  ADD CONSTRAINT `song_ibfk_1` FOREIGN KEY (`album_id`) REFERENCES `album` (`album_id`);
COMMIT;

ALTER TABLE `subscription`
  ADD CONSTRAINT `subscription_ibfk_1` FOREIGN KEY (`subscriber_id`) REFERENCES `user` (`user_id`);
COMMIT;

/*!40101 SET CHARACTER_SET_CLIENT=@OLD_CHARACTER_SET_CLIENT */;
/*!40101 SET CHARACTER_SET_RESULTS=@OLD_CHARACTER_SET_RESULTS */;
/*!40101 SET COLLATION_CONNECTION=@OLD_COLLATION_CONNECTION */;

DELIMITER ;;
CREATE TRIGGER `on_insert_song`
AFTER
INSERT ON `song` FOR EACH ROW BEGIN
UPDATE album
SET album.total_duration = album.total_duration + NEW.duration
WHERE album.album_id = NEW.album_id;
END;;

DELIMITER ;;
CREATE TRIGGER `on_update_song`
AFTER
UPDATE ON `song` FOR EACH ROW BEGIN
UPDATE album
SET album.total_duration = (select sum(duration) from song where song.album_id = NEW.album_id)
WHERE album.album_id = NEW.album_id;
UPDATE album
SET album.total_duration = (select sum(duration) from song where song.album_id = OLD.album_id)
WHERE album.album_id = OLD.album_id;
END;;

DELIMITER ;;
CREATE TRIGGER `on_delete_song`
AFTER DELETE ON `song` FOR EACH ROW BEGIN
UPDATE album
SET album.total_duration = album.total_duration - OLD.duration
WHERE album.album_id = OLD.album_id;
END;;
